S.No ,User                                           ,Tweet                                                                                                                                                                                                                                                                                             ,Date                           ,Retweets ,Likes
   1 ,stacks.btc                                     ,"sBTC is starting to have a huge impact on Bitcoin DeFi use cases like lending and borrowing üüß
                                                      
                                                      @ZestProtocol Founder @TychoOnnasch on sBTC.
                                                      
                                                      35%+ of all sBTC on Stacks is currently yielding on @ZestProtocol.  Zest allocated additional rewards to deploying sBTC. Check it out! https://t.co/N16Y39FGOx"                                                                                                                                   ,Wed Dec 25 14:00:32 +0000 2024 ,       0 ,    0
   2 ,Austin Pius                                    ,"Imagine marrying someone that does not understand crypto.
                                                      
                                                      Me: Honey, please use the $Pancakeswap in my trust wallet to sell the remaining $Monky for Chrismasü•≥.
                                                      
                                                      Wife: ehhhn?
                                                      
                                                      Me: üò≠üò≠
                                                      
                                                      #Crypto #Altseason #bitcoin #MerryChristmas @TrustWallet @MonkyMeme @PancakeSwap @elonmusk"                                                                                                                                                                                                       ,Wed Dec 25 14:00:32 +0000 2024 ,       0 ,    0
   3 ,Bitcoin price 4U                               ,"Current fee for a #Bitcoin transaction :
                                                      * 1 confirmation ASAP costs 4 sat/B
                                                      * in 30 minutes it costs 4 sat/B
                                                      * in 1 hour it costs 4 sat/B
                                                      * the minimum to pay is 1 sat/B"                                                                                                                                                                                                                                                                  ,Wed Dec 25 14:00:30 +0000 2024 ,       0 ,    0
   4 ,Wall Street Bitcoin                            ,@WallStreetMav Social media ‚Äúinfluencers‚Äù                                                                                                                                                                                                                                                         ,Wed Dec 25 14:00:30 +0000 2024 ,       0 ,    0
   5 ,TSY HODL                                       ,$BTC just hit new ATH now it's time for the real decentralized players like $CUTO to shine #BITCOIN                                                                                                                                                                                               ,Wed Dec 25 14:00:28 +0000 2024 ,       0 ,    0
   6 ,NPS Radio ‚≠ê‚≠ê‚≠ê                                  ,MicroStrategy $BTC strategy inspires the world. üåç‚ö° $BTC $ETH #Bitcoin #Ethereum $XRP $RLUSD $MSTR https://t.co/KHGEkq4Xuv                                                                                                                                                                        ,Wed Dec 25 14:00:28 +0000 2024 ,       0 ,    0
   7 ,sakshi                                         ,"Taking a breather from #Bitcoin, gotta keep an eye on $CUTO tho decentralization and community driven growth is the future üöÄüí∞ #DeFi"                                                                                                                                                           ,Wed Dec 25 14:00:28 +0000 2024 ,       0 ,    0
   8 ,‚ûø‚ù§Ô∏èüîÆüåçNA.ADLKüå•Ô∏èüåä‚ù§Ô∏è‚ûø                            ,HODLing $BTC is the ultimate power move. üî•üõ°Ô∏è $BTC $ETH #Bitcoin #Ethereum $XRP $RLUSD $MSTR https://t.co/XAwW8SMHWm                                                                                                                                                                              ,Wed Dec 25 14:00:27 +0000 2024 ,       0 ,    0
   9 ,BitcoinFocusNow                                ,"#Bitcoin is currently trading at:
                                                      üí∞ $98,352.61 (0.24% in the last 1h)"                                                                                                                                                                                                                                                             ,Wed Dec 25 14:00:26 +0000 2024 ,       0 ,    0
  10 ,Satoshi Fever                                  ,#Bitcoin                                                                                                                                                                                                                                                                                          ,Wed Dec 25 14:00:26 +0000 2024 ,       0 ,    0
  11 ,Nvm_Ctw | $BABA                                ,"Merry Christmas
                                                      
                                                      #BabaSol #BabaArmy #Pepe #solana #Binance #Ethereum #Bitcoin #xrp #doge"                                                                                                                                                                                                                          ,Wed Dec 25 14:00:26 +0000 2024 ,       0 ,    0
  12 ,Bitcoin will make a new ATH before the halving ,"@YouFuckingIdio9 Brilliant ‚ù§Ô∏è‚ù§Ô∏è‚ù§Ô∏è very good, keep going :) merry Christmas üéÑ"                                                                                                                                                                                                                      ,Wed Dec 25 14:00:26 +0000 2024 ,       0 ,    0
  13 ,„Éà„É™„Ç±„É©„Éà„Éó„Çπ                                 ,"@cyphergatto Dammi qualche dritta, @EmaWasRight servono consigli, accettare o no pagamenti in bitcoin tramite laitin nettuork visto l‚Äôandazzo di Vinted"                                                                                                                                         ,Wed Dec 25 14:00:26 +0000 2024 ,       0 ,    0
  14 ,Crypto Professor X                             ,"Several U.S. states like @TexasGOP, @PAHouseGOP, and @OhioGOP are pushing for Strategic Bitcoin Reserves to boost local economies as Bitcoin's value continues to rise. Exciting developments ahead! (coincu) https://t.co/jRxWc2XHJ1"                                                           ,Wed Dec 25 14:00:25 +0000 2024 ,       0 ,    0
  15 ,Bitcoin is Inevitable                          ,@Dashpay Imagine getting a shit coin for Christmasüò≠                                                                                                                                                                                                                                              ,Wed Dec 25 14:00:25 +0000 2024 ,       0 ,    0
  16 ,Bitcoin Progress                               ,"Day 713
                                                      Buying $100 worth of #Bitcoin at $98,459.84 - 0.001015 #BTC
                                                      
                                                      Why did my Bitcoin PnL join a dating app? Because even when up 156.87%, it's still searching for a stable relationship! üòÇ #cryptoComedy https://t.co/mXa4nGeLIb"                                                                                                                                 ,Wed Dec 25 14:00:24 +0000 2024 ,       0 ,    0
  17 ,druuuuu üìú                                     ,$XRP makes cross-border payments lightning fast. ‚ö°üåç $BTC $ETH #Bitcoin #Ethereum $XRP $RLUSD $MSTR https://t.co/fLAXjdyhje                                                                                                                                                                       ,Wed Dec 25 14:00:23 +0000 2024 ,       0 ,    0
  18 ,pre√ßo fiduci√°rio üí∏                            ,"R$ 1 = 160 sats | 24h: -5.51%
                                                      $ 1 = 1017 sats | 24h: -2.47%
                                                      ‚Ç¨ 1 = 1060 sats | 24h: -2.26%
                                                      
                                                      #bitcoin"                                                                                                                                                                                                                                                                                         ,Wed Dec 25 14:00:23 +0000 2024 ,       0 ,    0
  19 ,stillgdk                                       ,BTC principles on steroids with $CUTO leading the charge towards a decentralized financial future Bitcoin to $1                                                                                                                                                                                   ,Wed Dec 25 14:00:23 +0000 2024 ,       0 ,    0
  20 ,Michal                                         ,It's your last chance to buy #Bitcoin below 100k $ imo nfa :)                                                                                                                                                                                                                                     ,Wed Dec 25 14:00:22 +0000 2024 ,       0 ,    1
  21 ,vanlan.sol                                     ,Just witnessed BlackRock's Bitcoin ETF hit $1 BILLION trading volume in 35 minutes üöÄüí∏ and I'm thinking decentralization is where it's at... that's why I'm keeping an eye on $CUTO üëÄ                                                                                                           ,Wed Dec 25 14:00:22 +0000 2024 ,       0 ,    0
  22 ,Miyu                                           ,"#SolMiyuAI
                                                      üö® Bitcoin hype is real, but so are the hidden risks! Regulatory challenges loom, scalability issues persist, and don't forget the volatility of $SOL, $BNB, and $CAKE. üöß Are we chasing dreams or just chasing our https://t.co/UhA2fKp64O"                                                     ,Wed Dec 25 14:00:21 +0000 2024 ,       0 ,    0
  23 ,Crypto Zone                                    ,"üíπPulse of marketüíπ
                                                      
                                                      üí™BTC dominance: 56.78
                                                      üå°Ô∏èFear&amp;Greed Index: 62  -  Greed
                                                      üíµTotal Marketcap: T 3.43
                                                      ‚ÄãüìäTrading Volume: T 0.15
                                                      ‚Äã
                                                      üèÜ Bitcoin 98'409 üîº+2.69 | Ethereum 3478 üîº+0.85 | Tether USDt 0.99 üîº+0.05 | XRP 2.28 üîª-1.55 | BNB 709 üîº+2.60 https://t.co/PYIFjLkVfs"                                                                                                                                                        ,Wed Dec 25 14:00:21 +0000 2024 ,       0 ,    0
  24 ,ODGO.io                                        ,"We're crushing milestones, $85k is next let's push $BTC to new heights
                                                      
                                                      Same energy as $CUTO holders building a decentralized future! #Bitcoin"                                                                                                                                                                                                                           ,Wed Dec 25 14:00:20 +0000 2024 ,       0 ,    0
  25 ,Coinalarm IO                                   ,üöÄ Exciting times ahead in the crypto world! Recent trends indicate a bullish phase with #Bitcoin leading the charge. Keep an eye on potential gains as market sentiment is shifting! üí∞üåü #CryptoInvesting üíé $BTC https://t.co/DMhlUF3jsh                                                       ,Wed Dec 25 14:00:19 +0000 2024 ,       0 ,    0
  26 ,Alex Dre                                       ,"Adoptar Bitcoin en el sector inmobiliario es un paso hacia la mainstreamizaci√≥n cripto. M√°s adopci√≥n, m√°s valor a largo plazo. #Bitcoin #RealEstate #Crypto"                                                                                                                                     ,Wed Dec 25 14:00:18 +0000 2024 ,       0 ,    0
  27 ,Dharajiya Hitesh                               ,"Want to earn points and help build bridgeless Bitcoin DeFi?
                                                      
                                                      Join me: https://t.co/cQ3a9n9xnN #JoinArch"                                                                                                                                                                                                                                                       ,Wed Dec 25 14:00:17 +0000 2024 ,       0 ,    0
  28 ,"Gator Crypto (üêä,üëë)"                         ,Who needs $100k #Bitcoin when we got a new decentralized king in the making $CUTO is lowkey building a strong community and turning heads with its transparency and security üöÄüí∏ #BTC                                                                                                            ,Wed Dec 25 14:00:17 +0000 2024 ,       0 ,    1
  29 ,1938                                           ,"$CUTO fam is about to get wild üöÄ we're talking next level decentralized finance, no cap
                                                      
                                                      The smart money chads are already piling in #Bitcoin"                                                                                                                                                                                                                                             ,Wed Dec 25 14:00:17 +0000 2024 ,       0 ,    0
  30 ,Crypto Minute Pulse                            ,"&lt;AI„Éì„ÉÉ„Éà„Ç≥„Ç§„É≥‰æ°Ê†º‰∫àÊ∏¨&gt;
                                                      2ÊôÇÈñì„Åî„Å®„Å´AI„ÅÆ‰∫àÊ∏¨„Çípost„Åó„Å¶„ÅÑ„Åæ„Åô„ÄÇ #Bitcoin #BTC #Crypto
                                                      
                                                      1ÂàÜ„Åî„Å®„ÅÆ‰∫àÊ∏¨„Å®ÂÆüÁ∏æ„ÅØ„Ç≥„ÉÅ„É©ÔºÅ
                                                      ‚Üíhttps://t.co/6ON9FL32wu
                                                      
                                                      üåüÁîüÊàêAI„Å´„Çà„Çã15ÂàÜÂæå„ÅÆ‰∫àÊ∏¨üåü
                                                      -0.08%
                                                      
                                                      üåüÈ°û‰ººÂ∫¶„Éô„Éº„ÇπAI„ÅÆ‰∫àÊ∏¨ TOP4(ÈÅéÂéª„ÅÆ24ÊôÇÈñì)üåü https://t.co/PiEzrj5cno"                                                                                                                                                                                                                              ,Wed Dec 25 14:00:16 +0000 2024 ,       0 ,    0
  31 ,HT919 Insight | ht919.net                      ,"üéÑ üéä CEO c·ªßa Robinhood n√≥i 'KH√îNG' v·ªõi Bitcoin nh∆∞ m·ªôt t√†i s·∫£n chi·∫øn l∆∞·ª£c
                                                      
                                                      Theo d√µi nhi·ªÅu h∆°n th√¥ng tin th·ªã tr∆∞·ªùng, insights, trading t·∫°i website: https://t.co/bdlprjrx1X
                                                      
                                                      #crypto #cryptonewstoday #bitcoin #btc #cryptonhatrang #blockchain"                                                                                                                                                                                                                               ,Wed Dec 25 14:00:16 +0000 2024 ,       0 ,    1
  32 ,#‚Çøitcoinplumber                                ,@unusual_whales People need to buy bitcoin. Its the best way to save for a house and family.                                                                                                                                                                                                      ,Wed Dec 25 14:00:15 +0000 2024 ,       0 ,    0
  33 ,Curt                                           ,Just applied Elliott Wave principles to $BTC and I'm seeing a massive decentralized finance wave coming smart money chads are already on $CUTO #elliottwave #sp500 #bitcoin                                                                                                                       ,Wed Dec 25 14:00:15 +0000 2024 ,       0 ,    0
  34 ,ixKenichi                                      ,"I just claimed my ZCX tokens using the Zenchain Testnet Faucet! üöÄ Get yours now and start building on the most secure Bitcoin Layer 1.
                                                      
                                                      https://t.co/7LSQzqLIOQ
                                                      
                                                      #Zenchain #Crypto #Blockchain"                                                                                                                                                                                                                                                                    ,Wed Dec 25 14:00:14 +0000 2024 ,       0 ,    1
  35 ,Leftoversushiü™≤                                ,who's waiting for 10x gains on $CUTO type a number and let's see #altcoin #bitcoin                                                                                                                                                                                                                ,Wed Dec 25 14:00:14 +0000 2024 ,       0 ,    0
  36 ,R. Topisto                                     ,"#computerart #creativecoding #generativeart :
                                                      #bitcoin #blockchain
                                                      LAST Block, Height : 876319
                                                      [ See more on https://t.co/p7nE81m7aK ] https://t.co/KHEuXJnM3q"                                                                                                                                                                                                                                  ,Wed Dec 25 14:00:13 +0000 2024 ,       0 ,    1
  37 ,Manav                                          ,@PurpleBitcoiner @Bitcoin üíúüíúüíú                                                                                                                                                                                                                                                                  ,Wed Dec 25 14:00:12 +0000 2024 ,       0 ,    0
  38 ,KoinMedya                                      ,Ger√ßek D√ºnya Varlƒ±klarƒ±yla (RWA) Desteklenen 3 Kripto Para https://t.co/TbsWOA9oFY #kriptopara #koinmedya #bitcoin #ethereum #btc #eth #coinhaberleri #g√ºncelhaber #haberler #rwa                                                                                                                 ,Wed Dec 25 14:00:12 +0000 2024 ,       0 ,    1
  39 ,Moo Panda                                      ,"Just your average day: Elon, Trump, and Hera Panda discussing the future of crypto... on the golf course. üêºüöÄ‚õ≥Ô∏è
                                                      
                                                      @elonmusk @realDonaldTrump
                                                      
                                                      #Moopanda #elonmusk #DonaldTrump #crypto #meme #memecoin #Bitcoin https://t.co/Tcj6cVGFU4"                                                                                                                                                                                                        ,Wed Dec 25 14:00:11 +0000 2024 ,       0 ,    1
  40 ,Kamran Butt                                    ,"Market momentum is on the rise again.
                                                      
                                                      Are you actively participating or observing from a distance?
                                                      
                                                      DeFi projects are experiencing significant growth, Bitcoin is ascending, and Ethereum is making notable advances.
                                                      
                                                      Every upward trend has a narrative.
                                                      
                                                      Is it innovation propelling"                                                                                                                                                                                                                                                                      ,Wed Dec 25 14:00:10 +0000 2024 ,       0 ,    0
  41 ,Timbo                                          ,@DeathCabToQE @TheKNANC @BitPaine You‚Äôre going to cost a lot of ppl their bitcoin by promoting single sign for any reasonable % of their net worth.                                                                                                                                               ,Wed Dec 25 14:00:10 +0000 2024 ,       0 ,    0
  42 ,Oliver Ludwig                                  ,Been calling #Bitcoin moves for 3 years now and I'm starting to feel the same energy with $CUTO decentralization and community driven growth is where it's at #DeFi #BTC                                                                                                                          ,Wed Dec 25 14:00:09 +0000 2024 ,       0 ,    0
  43 ,Bitcoin Addict Thailand                        ,‡πÄ‡∏£‡∏∑‡πà‡∏≠‡∏á‡πÄ‡∏•‡πà‡∏≤‡∏î‡∏≠‡∏¢‡∏ô‡∏µ‡πâ EP.42 ‡∏≠‡∏±‡∏õ‡πÄ‡∏î‡∏ï‡∏Ç‡πà‡∏≤‡∏ß‡∏™‡∏≤‡∏£‡∏Å‡∏•‡∏≤‡∏á‡∏™‡∏±‡∏õ‡∏î‡∏≤‡∏´‡πå https://t.co/k8pJO0XkOB                                                                                                                                                                                                                                    ,Wed Dec 25 14:00:09 +0000 2024 ,       0 ,    0
  44 ,Bitcoin Freedom                                ,"@k1degen @MirageMogul This is crazy unless you see Bitcoin going back to 50k. Yeah, CLSK will trade at .5 book value. This kind of silliness is super bullish."                                                                                                                                  ,Wed Dec 25 14:00:09 +0000 2024 ,       0 ,    0
  45 ,Coin Jupiter                                   ,#Bitcoin Options Market Shows Widening Skew as Analysts Reflect on December‚Äôs Market Correction                                                                                                                                                                                                   ,Wed Dec 25 14:00:09 +0000 2024 ,       0 ,    0
  46 ,Coin Bounty                                    ,"Did you know that the first Bitcoin transaction ever made was for two pizzas? üçï
                                                      
                                                      In 2010, a programmer named Laszlo Hanyecz paid 10,000 BTC for them!
                                                      
                                                      Today, that's worth millions!
                                                      
                                                      Imagine ordering pizza with Bitcoin today! üöÄ
                                                      
                                                      #cointbounty #bitcoin #cryptofun"                                                                                                                                                                                                                                                                 ,Wed Dec 25 14:00:08 +0000 2024 ,       0 ,    0
  47 ,Teo Finance                                    ,"$NEIRO mavi √ßizgi seviyelerine emir verdim gelirse bir miktar spot alƒ±p kƒ±rmƒ±zƒ± kutuya kadar tutmayƒ± d√º≈ü√ºn√ºyorum.
                                                      
                                                      #Bitcoin #Altcoin #NEIRO #kripto #crypto https://t.co/gAoLYIbEBR"                                                                                                                                                                                                                                 ,Wed Dec 25 14:00:08 +0000 2024 ,       0 ,    0
  48 ,CBotRally_es                                   ,"""¬øGanancias? Entregadas. El siguiente desaf√≠o, por favor.""
                                                      
                                                      ‚Ä£ Fury Bullion -&gt; üí∞ 703.30USD ( 7.03% )
                                                      #cBotRally251 #Bitcoin"                                                                                                                                                                                                                                                                           ,Wed Dec 25 14:00:08 +0000 2024 ,       0 ,    0
  49 ,Tommy                                          ,$BTC pops above $82 and DeFi principles are being taken to the next level with decentralized projects like $CUTO leading the charge #Bitcoin                                                                                                                                                      ,Wed Dec 25 14:00:08 +0000 2024 ,       0 ,    0
  50 ,WeAreCoins                                     ,"üì¢ Crypto Spotlight: $BTC üåü
                                                      üîç Price: $98,380.02 üí∞
                                                      üí° Bitcoin is on the verge of greatness! As we approach the monumental $100k mark, the excitement is palpable in the crypto community. Historically, breaking through psychological thresholds like this has led to explosive"                                                                    ,Wed Dec 25 14:00:07 +0000 2024 ,       0 ,    1
  51 ,$CRIP TO THE MOON AND BEYOND üí•                ,"Today's crypto update covers key trends and events affecting Bitcoin, blockchain, DeFi, NFTs, Web3, and crypto regulation. Stay informed on the latest shifts in the market.
                                                      
                                                      https://t.co/MjTMlJks2c"                                                                                                                                                                                                                                                                          ,Wed Dec 25 14:00:07 +0000 2024 ,       0 ,    0
  52 ,EaGile                                         ,"@Runitup858 üêÇ here 11Lp.
                                                      2013 a snake year was the most profitable  year for bitcoin #gg33"                                                                                                                                                                                                                                ,Wed Dec 25 14:00:07 +0000 2024 ,       0 ,    0
  53 ,Crypto Price Bot ‚ú®                             ,"üöÄ Crypto Prices Update üöÄ
                                                      üüß #Bitcoin (BTC):       $98,462.57
                                                      ‚¨õ #Ethereum (ETH):  $3,482.57
                                                      üü© #Solana (SOL):       $196.98
                                                      üü® #Binance (BNB):    $710.27
                                                      üü• #Monero (XMR):    $194.98
                                                      üü™ #Polkadot (DOT):   $7.466
                                                      
                                                      üá™üá∫ EUR: ‚Ç¨0.959 üáØüáµ JPY: ¬•157.305
                                                      üá¨üáß GBP: ¬£0.797 üá®üá≥ CNY: ¬•7.299"                                                                                                                                                                                                                                                                ,Wed Dec 25 14:00:06 +0000 2024 ,       0 ,    1
  54 ,Ambrocio                                       ,People are piling into $BTC like crazy and it's no surprise decentralization focused players like $CUTO are getting love too üí∏üí• Insane demand all around üöÄ #Bitcoin                                                                                                                            ,Wed Dec 25 14:00:06 +0000 2024 ,       0 ,    0
  55 ,BTC AI Prediction Bot                          ,"Buy Bitcoin $BTC @ 98462.56
                                                      
                                                      See all our signals for free on:
                                                      https://t.co/uK8jHNlThD"                                                                                                                                                                                                                                                                          ,Wed Dec 25 14:00:05 +0000 2024 ,       0 ,    1
  56 ,Stephan | BITCOIN-WEAR.COM                     ,@bob4red123 @hlopez_ @operationdanish @mhiggins https://t.co/avXExXZbQS                                                                                                                                                                                                                           ,Wed Dec 25 14:00:04 +0000 2024 ,       0 ,    0
  57 ,Jay                                            ,@saylor @LaDoger21 Grab some xrp before Bitcoin loses tether lol                                                                                                                                                                                                                                  ,Wed Dec 25 14:00:04 +0000 2024 ,       0 ,    1
  58 ,Journal du Coin                                ,"üìÖ Retro 2024 : focus sur le mois de mars !
                                                      
                                                      Entre nouvel ATH sur le Bitcoin, boom des RWA et des memecoins, ce mois restera comme l'un des plus marquants de l'ann√©e 2024.
                                                      
                                                      Bonne lecture üëá
                                                      
                                                      https://t.co/gg9AG3Onss"                                                                                                                                                                                                                                                                          ,Wed Dec 25 14:00:04 +0000 2024 ,       0 ,    2
  59 ,NycFab                                         ,Got my eyes on the principles of decentralization and transparency $CUTO is building on what $BTC started üèéüèÅ #Bitcoin                                                                                                                                                                           ,Wed Dec 25 14:00:03 +0000 2024 ,       0 ,    0
  60 ,geox                                           ,$BTC cruising to $100k üöÄüí∏ and decentralized projects like $CUTO are primed to shake up the space ü§Ø #Bitcoin                                                                                                                                                                                    ,Wed Dec 25 14:00:03 +0000 2024 ,       0 ,    0
  61 ,SBR on XRPL                                    ,"üî• The Strategic Bitcoin Reserve community is growing fast! üî•
                                                      
                                                      Are you in yet? üí° A minimum of 200K $SBR tokens will be distributed, but the more active YOU are, the more we might give away!
                                                      
                                                      üëâ Participate now: Like, Share &amp; Comment THE MAIN post.
                                                      
                                                      ‚è≥ Ends Dec 31th. Let‚Äôs make"                                                                                                                                                                                                                                                                      ,Wed Dec 25 14:00:03 +0000 2024 ,       0 ,    0
  62 ,The Bitcoin Way                                ,"Time is more valuable than #Bitcoin
                                                      
                                                      They're both scarce... but you can't hodl your time
                                                      
                                                      Log out and go spend it with your loved ones today
                                                      
                                                      We'll see you tomorrow üß°üéÑ https://t.co/FanUaNy5MB"                                                                                                                                                                                                                                              ,Wed Dec 25 14:00:03 +0000 2024 ,       0 ,    0
  63 ,„Éì„ÉÉ„Éà„Ç≥„Ç§„É≥ÂÜÜÁõ∏Â†¥/„Éã„É•„Éº„Çπ                    ,"1BTC„ÅÆÁèæÂú®„ÅÆ‰æ°Ê†º„ÅØüáØüáµ 15,470,644ÂÜÜ
                                                      
                                                      „Äê„Åù„ÅÆ‰ªñ ÂØæ‰∏ªË¶ÅÈÄöË≤®‰∏ÄË¶ß„Äë
                                                      üá∫üá∏Á±≥„Éâ„É´ $98,348
                                                      üá™üá∫„É¶„Éº„É≠ ‚Ç¨94,352
                                                      üá¨üáßËã±„Éù„É≥„Éâ ¬£78,431
                                                      üá¶üá∫Ë±™„Éâ„É´ A$157,332
                                                      
                                                      #Bitcoin #BTC $BTC $BTCJPY #„Éì„ÉÉ„Éà„Ç≥„Ç§„É≥ #ÊöóÂè∑ÈÄöË≤® #‰ªÆÊÉ≥ÈÄöË≤® #„ÇØ„É™„Éó„Éà #ÊöóÂè∑Ë≥áÁî£ #„Éñ„É≠„ÉÉ„ÇØ„ÉÅ„Çß„Éº„É≥"                                                                                                                                                                                               ,Wed Dec 25 14:00:03 +0000 2024 ,       0 ,    1
  64 ,ÁÇ∫ÊõøAI„Åã„ÅÆ„Çì„Å°„ÇÉ„Çì                             ,"-----------23ÊôÇ„ÅÆÁÇ∫Êõø-----------
                                                      
                                                      Êó•ÁµåÂÖàÁâ©„ÄÄ39160(0.0)
                                                      „Éâ„É´ÂÜÜ„ÄÄ„ÄÄ157.25(0.0)
                                                      „Éù„É≥„ÉâÂÜÜ„ÄÄ197.43(0.0)
                                                      „É¶„Éº„É≠ÂÜÜ„ÄÄ163.58(0.0)
                                                      bitcoin„ÄÄ„ÄÄ1551‰∏á(5‰∏á)
                                                      
                                                      ÁÇ∫Êõø„Åô„Çã„Å™„Çπ„ÉØ„ÉÉ„Éó„Éù„Ç§„É≥„Éà„ÅØË¶ö„Åà„Å¶„Å≠"                                                                                                                                                                                                                                                             ,Wed Dec 25 14:00:03 +0000 2024 ,       0 ,    0
  65 ,Crypto News by cry-pto.news                    ,"Strategic Bitcoin Reserves Are Now Being Actively Supported by US States
                                                      BTC: 98409 USD, 24h Change: 2.66%
                                                      https://t.co/Ycq8kWafhZ"                                                                                                                                                                                                                                                                          ,Wed Dec 25 14:00:03 +0000 2024 ,       0 ,    0
  66 ,Cripto Maestro                                 ,"üåü Ready to Rally: Key Cryptos Poised for Growth!
                                                      1. TIA: $5.33 (-5.03% üìâ)
                                                      2. HBAR: $0.32102654 (-4.63% üìâ)
                                                      3. RENDER: $7.79 (-4.07% üìâ)
                                                      4. ENS: $36.96 (-3.89% üìâ)
                                                      5. ALGO: $0.39728425 (-3.72% üìâ)
                                                      
                                                      #TIA #Ethereum #HBAR #RENDER #Binance #ALGO #Crypto #Solana #ENS #Bitcoin"                                                                                                                                                                                                                        ,Wed Dec 25 14:00:03 +0000 2024 ,       0 ,    1
  67 ,1Fuel                                          ,"üéÑ Merry Crypto Christmas! The markets are in festive spirits with $BTC up 3.98% to $98,165. Altcoins are joining the party too: $AVAX jumps, $SOL shines, and $SHIB spreads holiday cheer! What's your crypto gift wish this year? #CryptoChristmas #Bitcoin #Altcoins https://t.co/3XNZyIQhtw" ,Wed Dec 25 14:00:03 +0000 2024 ,       0 ,    0
  68 ,Bitcoin Self-Custody                           ,"Leading the way in the financial revolution, #Bitcoin is being adopted by individuals, institutions, and government entities, paving the way for its integration into the financial landscape. Protect your wealth with #SelfCustody."                                                           ,Wed Dec 25 14:00:03 +0000 2024 ,       0 ,    0
  69 ,Liquidium | Bitcoin DeFi                       ,"gm Bitcoin üüß
                                                      
                                                      Merry Christmas üéÑ"                                                                                                                                                                                                                                                                               ,Wed Dec 25 14:00:03 +0000 2024 ,       0 ,    2
  70 ,BYEX_Officialüåã                                ,"#BYEX InsightüëÄ:
                                                      
                                                      ü™ô#Bitcoin price has doubled in just one year, exceeding $98,200 this Christmas, a full three times increase from $43,665 on Christmas Day 2023 üöÄ
                                                      
                                                      In the past 14 years, the price of Bitcoin has increased more than 392,000 times üí•
                                                      
                                                      #cryptocurrency https://t.co/iw5CP2vA3Z"                                                                                                                                                                                                                                                          ,Wed Dec 25 14:00:02 +0000 2024 ,       0 ,    0
  71 ,CryptoTreeMap                                  ,"https://t.co/t6kVcSK6IH
                                                      
                                                      Crypto market:
                                                      $MOVE +25.36% üöÄ
                                                      $BGB +16.49% üöÄ
                                                      $TKX +14.33% üöÄ
                                                      $JASMY +10.79% üöÄ
                                                      
                                                      $TIA -4.13% üìâ
                                                      $CRO -3.19% üìâ
                                                      
                                                      #MOVE #BGB #TKX #JASMY #TIA #CRO #Bitcoin #Ethereum #crypto #NFT #META #web3 https://t.co/1uA6ciPDAu"                                                                                                                                                                                             ,Wed Dec 25 14:00:02 +0000 2024 ,       0 ,    0
  72 ,JUAN CARLOS GUERRERO                           ,HODLing $BTC is the ultimate power move. üî•üõ°Ô∏è $BTC $ETH #Bitcoin #Ethereum $XRP $RLUSD $MSTR https://t.co/L58JQfh8vr                                                                                                                                                                              ,Wed Dec 25 14:00:02 +0000 2024 ,       0 ,    0
  73 ,mracrypto                                      ,"BITCOIN
                                                      #Bitcoin #latvia #Christmas2024 #Crypto
                                                      
                                                      https://t.co/ITJOXIMW7B https://t.co/F23KkyYGpx"                                                                                                                                                                                                                                                  ,Wed Dec 25 14:00:02 +0000 2024 ,       0 ,    0
  74 ,Abdullah Jamilk                                ,"Bullish vibes only üí∏üöÄ $BTC principles of decentralization and privacy are taking over, $CUTO is leading the charge üöÄüí™ #Bitcoin"                                                                                                                                                              ,Wed Dec 25 14:00:02 +0000 2024 ,       0 ,    0
  75 ,Tin T·ª©c Bitcoin                                ,"ETF Ether v∆∞·ª£t m·ªëc 2,5 t·ª∑ USD, ETH ti·∫øn g·∫ßn 3,5 USD b√πng n·ªï
                                                      
                                                      #tintucbitcoin #Business #EthereumPrice #Adoption #Analysis #Ethereum #ethereumetf #PriceAnalysis #records
                                                      https://t.co/M44tY16SgX"                                                                                                                                                                                                                                                                          ,Wed Dec 25 14:00:02 +0000 2024 ,       0 ,    0
  76 ,The Bitcoin Investor                           ,Merry Christmas ‚úùÔ∏è                                                                                                                                                                                                                                                                                 ,Wed Dec 25 14:00:02 +0000 2024 ,       0 ,    0
  77 ,Bitcoin Price Calculator üñ©                    ,"üó† Bitcoin price in Euro | ‚Çø1 = 93‚ÄØ441,00¬†‚Ç¨"                                                                                                                                                                                                                                                     ,Wed Dec 25 14:00:01 +0000 2024 ,       0 ,    0
  78 ,Satoshi Crackamoto‚ö°Ô∏è                            ,"19,800,990 #Bitcoin are already in circulation. Only 1,199,010 #BTC remaining to be mined"                                                                                                                                                                                                       ,Wed Dec 25 14:00:01 +0000 2024 ,       0 ,    0
  79 ,Poloniex Exchange                              ,who is your 2024 #Bitcoin hero? üëÄ https://t.co/H2SV9BI2aa                                                                                                                                                                                                                                        ,Wed Dec 25 14:00:01 +0000 2024 ,       0 ,    2
  80 ,Naira Pulse                                    ,"2024-12-25 15:00:01 UTC+1
                                                      
                                                      Forex:
                                                      USD ‚áõ ‚Ç¶1,616.13
                                                      EURO ‚áõ ‚Ç¶1,679.31
                                                      GBP ‚áõ ‚Ç¶2,027.52
                                                      CNY ‚áõ ‚Ç¶4,098.00
                                                      
                                                      Bitcoin:
                                                      NGN ‚áõ ‚Ç¶159,002,473.0  (V24: …É 6.86)
                                                      USD ‚áõ $98,384.5  (V24: …É 39,439.5)
                                                      EURO ‚áõ ‚Ç¨94,683.3  (V24: …É 1,763.99)
                                                      GBP ‚áõ ¬£78,422.1  (V24: …É 355.80)
                                                      
                                                      For more details"                                                                                                                                                                                                                                                                                 ,Wed Dec 25 14:00:01 +0000 2024 ,       0 ,    0
  81 ,MASS PORKüõ©Ô∏èüö¢ üêΩ üê∏ üü™ ‚õèÔ∏è                       ,@Bitcoin $PORK @PorkEthereum #pepefork https://t.co/42MnEfqxGi                                                                                                                                                                                                                                    ,Wed Dec 25 14:00:01 +0000 2024 ,       1 ,    0
  82 ,Bloomberg Adria BiH                            ,"üåê Tema koja je ove godine u nekoliko navrata dominirala finansijskim tr≈æi≈°tima ‚Äì#Bitcoin, i na kraju godine je u fokusu.
                                                      
                                                      Nakon vrtoglavog rasta #cijene u 2024. godini, postavlja se pitanje: za≈°to ulagati u Bitcoin u 2025.?
                                                      
                                                      #bloombergadriabih #bloombergadria https://t.co/BtVUwKC0X7"                                                                                                                                                                                                                                       ,Wed Dec 25 14:00:01 +0000 2024 ,       0 ,    0
  83 ,Savier                                         ,"Low market cap, high ambition. Gekko AI is ready to redefine memecoins.
                                                      Chart: https://t.co/52HLMkZpHX
                                                      
                                                      $SOL$GEKKO $BTC #memecoin #Alts #Bitcoin #Merrychristmas Happy Holidays Christmas #holidayseason Santa Merry Xmas https://t.co/tBx8PxGliv"                                                                                                                                                        ,Wed Dec 25 14:00:01 +0000 2024 ,       0 ,    0
  84 ,Bitcoin Price Calculator üñ©                    ,"üó† Bitcoin price in United States dollar | ‚Çø1 = $98,342.00"                                                                                                                                                                                                                                      ,Wed Dec 25 14:00:01 +0000 2024 ,       0 ,    0
  85 ,Bitcoin Trumps üá∫üá∏                            ,"GM
                                                      #MakeBitcoinGreatAgain https://t.co/jxvb0j90fB"                                                                                                                                                                                                                                                   ,Wed Dec 25 14:00:01 +0000 2024 ,       0 ,    0
  86 ,Merlijn The Trader                             ,"All of #Bitcoin liquidity is sitting between $100K-$110K... üëÄ
                                                      
                                                      We all know what that could signal. Brace yourselves, big moves might be coming! üöÄ https://t.co/Fbcu69O835"                                                                                                                                                                                      ,Wed Dec 25 14:00:01 +0000 2024 ,       0 ,    0
  87 ,Not Satoshi‚Äôs thoughts üß°üü†üî∂üüß                ,"Satoshi gave the world a giftüíù
                                                      a monetary miraculous freedom presentüéÅ of sorts
                                                      ü§î
                                                      Merry Christmas üéÑ #Bitcoin #Crypto https://t.co/yDD3NRtXSn"                                                                                                                                                                                                                                      ,Wed Dec 25 14:00:01 +0000 2024 ,       0 ,    0
  88 ,UK ‚Çøitcoin Master #Bitcoin NOT #Crypto ‚ö°Ô∏è‚ö°Ô∏è‚ö°Ô∏è     ,"@publordhodl That‚Äôs my 2025 resolution!!!
                                                      üî•üî•üî•"                                                                                                                                                                                                                                                                                           ,Wed Dec 25 14:00:01 +0000 2024 ,       0 ,    1
  89 ,Bitunix                                        ,"Historical #Bitcoin Prices on Christmas! üéÖ
                                                      
                                                      ‚úÖ2013 - $682
                                                      ‚úÖ2014 - $319
                                                      ‚úÖ2015 - $456
                                                      ‚úÖ2016 - $896
                                                      ‚úÖ2017 - $14,027
                                                      ‚úÖ2018 - $3,815
                                                      ‚úÖ2019 - $7,275
                                                      ‚úÖ2020 - $24,665
                                                      ‚úÖ2021 - $50,430
                                                      ‚úÖ2022 - $16,831
                                                      ‚úÖ2023 - $43,790
                                                      ‚úÖ2024 - $98,150
                                                      
                                                      With #Bitunix, track the journey of #Bitcoin https://t.co/YOmDQ5SGY6"                                                                                                                                                                                                                             ,Wed Dec 25 14:00:00 +0000 2024 ,       0 ,    1
  90 ,9780Bitcoin                                    ,"üéÑ‚ú® ¬°En esta temporada de amor y uni√≥n, todo el equipo de 9780Bitcoin les desea una Feliz Navidad! üéÖ
                                                      
                                                      ‚ù§Ô∏è Gracias por ser parte de nuestro a√±o, por confiar en nosotros y por inspirarnos a seguir creciendo üåüüéÅ https://t.co/Ryf3oSkiB4"                                                                                                                                                                ,Wed Dec 25 14:00:00 +0000 2024 ,       0 ,    0
  91 ,Murray Rothbot                                 ,"üíµ Bitcoin Fiat Price
                                                      
                                                      üá∫üá∏ BTCUSDT
                                                      üîº 2.57%
                                                      $98,459.17
                                                      
                                                      üáßüá∑ BTCBRL
                                                      üîº 2.53%
                                                      R$¬†615.008,00
                                                      
                                                      #Bitcoin"                                                                                                                                                                                                                                                                                         ,Wed Dec 25 14:00:00 +0000 2024 ,       0 ,    0
  92 ,Bitcoin Lord                                   ,@Alphatimes01 @Gem_Sheriff @0xCFbasedFloki FLOKI to the moon                                                                                                                                                                                                                                      ,Wed Dec 25 14:00:00 +0000 2024 ,       0 ,    0
  93 ,Fa$T3dd¬•                                       ,"@rishabh2207 @rajatsonifnance Step 1: collectible (since 2008)
                                                      Step2: store of value (achieved/in progress for the next 40yrs)
                                                      Step3: mass adoption absorbs the world‚Äôs market cap (40-50years) and removes volatility
                                                      Step4: sats are stable and keep pace with goods, everything is priced in Bitcoin (80-100years)"                                                                                                                                                                                                   ,Wed Dec 25 13:59:58 +0000 2024 ,       0 ,    0
  94 ,MTSDB                                          ,$BTC showing strength at 90k and $CUTO holders getting rewarded with Cutoshi Farming LIVE gotta love decentralized finance in action #BITCOIN                                                                                                                                                     ,Wed Dec 25 13:59:56 +0000 2024 ,       0 ,    1
  95 ,3Müß≤üíπ                                         ,"$CUTO building on $BTC principles of decentralization and privacy just hit my radar with Cutoshi Farming live and smart money accumulating, 86k $BTC still the king though #Bitcoin"                                                                                                             ,Wed Dec 25 13:59:54 +0000 2024 ,       0 ,    0
  96 ,Fibo Kahini                                    ,"#act #actusdt
                                                      
                                                      B√∂yle bir i≈ülem a√ßƒ±yorum stop noktam net . Bu chart gelirse yeni i≈ülem a√ßarƒ±m üôè
                                                      
                                                      #bitcoin #btc #usdt #usd #trade https://t.co/2nEWMPLEJp"                                                                                                                                                                                                                                          ,Wed Dec 25 13:59:53 +0000 2024 ,       0 ,    0
  97 ,The Bitcoin Broadcast                          ,"@LAsseMandal @Enhedslisten 15 minute cities, smart cities 2.0, gr√∏n omstilling, det hele er en fallit erkl√¶ring.
                                                      
                                                      You will own nothing and be happy and take the bus"                                                                                                                                                                                                                                               ,Wed Dec 25 13:59:52 +0000 2024 ,       0 ,    0
  98 ,Bitaroo - Bitcoin Exchange                     ,@QLD_HODL @roryBsailor https://t.co/N2U1JjWrkS                                                                                                                                                                                                                                                    ,Wed Dec 25 13:59:51 +0000 2024 ,       0 ,    0
  99 ,ÿπÿßÿ¥ŸÇŸá ÿßŸÑŸÉÿ±Ÿäÿ®ÿ™Ÿà üêãüá∏üá¶                          ,"‚ö°Ô∏è#AVAX/USDT
                                                      
                                                      üü¢LONG
                                                      
                                                      üî∞ Leverage: Cross 50X
                                                      
                                                      ‚úÖ Entries:
                                                      
                                                      üéØ Targets:
                                                      
                                                      https://t.co/FnGBlevgzx
                                                      
                                                      #Binance #Bitcoin #BTC #ÿßŸÑÿ®ÿ™ŸÉŸàŸäŸÜ #btc #ÿ≥ŸäŸàŸÑÿ© #ÿπŸÖŸÑÿßÿ™_ÿ±ŸÇŸÖŸäÿ© #ÿ®ÿßŸäŸÜŸäÿ≥ #ÿ®ÿ™ŸÉŸàŸäŸÜ #BNB #USDT #ÿ™ŸàÿµŸäÿßÿ™ #ÿ≥ÿ®Ÿàÿ™ #ŸÅŸäŸàÿ™ÿ¥ÿ±"                                                                                                                                                                                       ,Wed Dec 25 13:59:51 +0000 2024 ,       0 ,    0
 100 ,Kanye‚Äôs Bitcoin                                ,"@FossGregfoss Merry Christmas Foss, I‚Äôm grateful for your online presence and all of the interviews you‚Äôve done"                                                                                                                                                                                 ,Wed Dec 25 13:59:51 +0000 2024 ,       0 ,    1
 101 ,SORIA                                          ,"$BTC might be chillin at 82 bucks, got my eyes on $CUTO though
                                                      
                                                      That decentralized DeFi future is lookin bright #Bitcoin"                                                                                                                                                                                                                                         ,Wed Dec 25 13:59:49 +0000 2024 ,       0 ,    0
 102 ,MsVespa üõµ                                     ,"@realTuckFrumper If Jesus Christ would hop off his throne and come down here on his birthday, he'd flip the bitcoin tables on that grifting huskster's fat ass faster than a pissed off Jersey housewife. https://t.co/NHrleg7Pra"                                                               ,Wed Dec 25 13:59:49 +0000 2024 ,       0 ,    0
 103 ,Esquizoide                                     ,"@GleichMatias @TraductorTeAma Es porongas tienen emisi√≥n, Bitcoin NO"                                                                                                                                                                                                                            ,Wed Dec 25 13:59:49 +0000 2024 ,       0 ,    0
 104 ,Reddit Echochamber                             ,@WatcherGuru Like it or not it seems like Bitcoin is the future.                                                                                                                                                                                                                                  ,Wed Dec 25 13:59:48 +0000 2024 ,       0 ,    1
